cipher,device,median_s,min_s,mean_s,median_us
SPECK-64/128,CPU,1.3765005860477686e-05,1.3415992725640535e-05,1.4718090242240577e-05,13.765005860477686
SKINNY-64/128,CPU,0.00013827899238094687,0.0001283799938391894,0.00016497550925123505,138.27899238094687
AES-128,CPU,3.8214013329707086e-05,2.329502603970468e-05,5.167379931663163e-05,38.214013329707086
SPECK-64/128,GPU,0.00013106300320941955,8.83250031620264e-05,0.00015574343531625347,131.06300320941955
SKINNY-64/128,GPU,0.0004898324987152591,0.0004076769982930273,0.0005283277502167038,489.83249871525913
AES-128,GPU,0.0002557050029281527,0.00022711799829266965,0.000277269568759948,255.70500292815268
