cipher,device,setup_s_median,setup_s_stdev,host_setup_s,device_upload_s,keyschedule_bytes
SPECK-64/128,CPU,8.100003469735384e-06,1.3447084981552e-06,8.100003469735384e-06,0.0,108
SPECK-64/128,GPU,2.474999928381294e-05,2.919257418758581e-06,1.1500000255182385e-05,1.3249999028630555e-05,108
SKINNY-64/128,CPU,7.36499932827428e-05,1.5857372030732725e-05,7.36499932827428e-05,0.0,288
SKINNY-64/128,GPU,0.00014810000720899552,8.436901495210652e-06,0.00013645000581163913,1.1650001397356391e-05,288
AES-128,CPU,1.1900003300979733e-05,1.7002649419219664e-06,1.1900003300979733e-05,0.0,176
AES-128,GPU,7.164999260567129e-05,4.499512584288997e-06,5.669999518431723e-05,1.4949997421354055e-05,176
